tick,x,y,z,on_floor
0,51.679794,3.186844,-72.458252,true
1,51.672337,3.195720,-72.476051,true
2,51.661331,3.209078,-72.502823,true
3,51.646797,3.226928,-72.538544,true
4,51.628693,3.249232,-72.583244,true
5,51.607048,3.276017,-72.636917,true
6,51.581882,3.307302,-72.699539,true
7,51.553207,3.343099,-72.771141,true
8,51.522472,3.381485,-72.847824,true
9,51.490910,3.417821,-72.926430,true
10,51.458305,3.451625,-73.007324,true
11,51.424843,3.483196,-73.090103,true
12,51.391613,3.515897,-73.172577,true
13,51.358360,3.548672,-73.255035,true
14,51.325104,3.581447,-73.337494,true
15,51.291855,3.614228,-73.419945,true
16,51.263012,3.629561,-73.465050,true
17,51.286205,3.783311,-73.562325,true
18,51.249413,3.833936,-73.655312,true
19,51.199566,3.849989,-73.714569,true
20,51.155743,3.871909,-73.782341,true
21,51.114571,3.880870,-73.864265,true
22,51.078392,3.898950,-73.954056,true
23,51.042229,3.917047,-74.043823,true
24,51.006104,3.935163,-74.133621,true
25,50.969971,3.953273,-74.223412,true
26,50.933842,3.971389,-74.313210,true
27,50.901711,3.986523,-74.392746,true
28,50.873550,3.995711,-74.462692,true
29,50.849693,4.004623,-74.521828,true
30,50.830032,4.011950,-74.570312,true
31,50.814583,4.017642,-74.608154,true
32,50.803352,4.021707,-74.635361,true
33,50.796322,4.024144,-74.651924,true
34,50.793690,4.024953,-74.657928,true
35,50.793690,4.024953,-74.657928,true
36,50.793690,4.024953,-74.657928,true
37,50.793690,4.024953,-74.657928,true
38,50.793690,4.024953,-74.657928,true
39,50.793690,4.024953,-74.657928,true
40,50.793690,4.024953,-74.657928,true
41,50.793690,4.024953,-74.657928,true
42,50.793690,4.024953,-74.657928,true
43,50.793690,4.024953,-74.657928,true
44,50.793690,4.024953,-74.657928,true
45,50.793690,4.024953,-74.657928,true
46,50.793690,4.024953,-74.657928,true
47,50.793690,4.024953,-74.657928,true
48,50.793690,4.024953,-74.657928,true
49,50.793690,4.024953,-74.657928,true
50,50.793690,4.024953,-74.657928,true
51,50.793690,4.024953,-74.657928,true
52,50.793690,4.024953,-74.657928,true
53,50.793690,4.024953,-74.657928,true
54,50.793690,4.024953,-74.657928,true
55,50.793690,4.024953,-74.657928,true
56,50.793690,4.024953,-74.657928,true
57,50.793690,4.024953,-74.657928,true
58,50.793690,4.024953,-74.657928,true
59,50.793690,4.024953,-74.657928,true
60,50.793690,4.024953,-74.657928,true
61,50.793690,4.024953,-74.657928,true
62,50.793690,4.024953,-74.657928,true
63,50.793690,4.024953,-74.657928,true
64,50.793690,4.024953,-74.657928,true
65,50.793690,4.024953,-74.657928,true
66,50.793690,4.024953,-74.657928,true
67,50.793690,4.024953,-74.657928,true
68,50.793690,4.024953,-74.657928,true
69,50.793690,4.024953,-74.657928,true
70,50.793690,4.024953,-74.657928,true
71,50.793690,4.024953,-74.657928,true
